{
    "device": "cpu",
    "torch_version": "2.12.0+cu130",
    "monai_version": "1.5.2",
    "torchxrayvision_version": "1.4.0",
    "results": [
        {
            "model_name": "DenseNet121-XRV (Chest X-Ray Pathology)",
            "avg_latency_ms": 24.986566333306353,
            "std_latency_ms": 0.8068869302662516,
            "min_latency_ms": 23.873420000199985,
            "max_latency_ms": 26.765384000100312,
            "throughput_ips": 40.02150542257699,
            "peak_vram_mb": 0.0
        },
        {
            "model_name": "Swin UNETR (3D MRI Brain Tumor Segmentation)",
            "avg_latency_ms": 1169.2606116000206,
            "std_latency_ms": 14.223523696985305,
            "min_latency_ms": 1143.0967490000512,
            "max_latency_ms": 1182.8732910003055,
            "throughput_ips": 0.8552413295027498,
            "peak_vram_mb": 0.0
        },
        {
            "model_name": "DynUNet (3D CT Multi-Organ Segmentation)",
            "avg_latency_ms": 831.9277059999877,
            "std_latency_ms": 17.88033756854943,
            "min_latency_ms": 811.887213999853,
            "max_latency_ms": 865.1689690000239,
            "throughput_ips": 1.2020275232906052,
            "peak_vram_mb": 0.0
        }
    ]
}